Team Name,Quarter,Iteration Number,Epic Name,Epic Type,Project Name,Allocation Percentage,Notes
Mortgage Origination,Q4 2024,1,"Loan Application Portal",Feature,"Digital Mortgage Platform",60,"Customer-facing loan application system development"
Mortgage Origination,Q4 2024,1,"Critical Run",Run Work,"",25,"Production support and maintenance"
Mortgage Origination,Q4 2024,1,"Bug Fixes",Run Work,"",15,"Production issue resolution"
Personal Loans Platform,Q4 2024,1,"Document Processing",Feature,"Digital Mortgage Platform",50,"Automated document verification system"
Personal Loans Platform,Q4 2024,1,"Payment Integration Platform",Platform,"Payment Integration Platform",35,"Payment processing integration"
Personal Loans Platform,Q4 2024,1,"Production Support",Run Work,"",15,"System monitoring and support"
Credit Assessment Engine,Q4 2024,1,"Mobile Authentication",Feature,"Mobile Banking 2.0",45,"Biometric and multi-factor authentication"
Credit Assessment Engine,Q4 2024,1,"Risk Analytics Dashboard",Feature,"Analytics Dashboard",35,"Credit risk analytics platform"
Credit Assessment Engine,Q4 2024,1,"Critical Run",Run Work,"",20,"BAU activities and support"
Loan Servicing,Q4 2024,1,"Customer Portal",Feature,"Customer Portal",55,"Digital customer self-service portal"
Loan Servicing,Q4 2024,1,"Loan Account Management",Feature,"Digital Mortgage Platform",30,"Loan account management system"
Loan Servicing,Q4 2024,1,"System Maintenance",Run Work,"",15,"Ongoing system maintenance"
Collections & Recovery,Q4 2024,1,"Collections Analytics",Feature,"Analytics Dashboard",40,"Collections performance analytics"
Collections & Recovery,Q4 2024,1,"Debt Management System",Platform,"Digital Mortgage Platform",35,"Automated debt management"
Collections & Recovery,Q4 2024,1,"Compliance Monitoring",Run Work,"",25,"Regulatory compliance monitoring"
Mortgage Underwriting,Q4 2024,1,"Underwriting Automation",Feature,"Digital Mortgage Platform",50,"Automated underwriting workflows"
Mortgage Underwriting,Q4 2024,1,"Risk Assessment Engine",Platform,"Analytics Dashboard",30,"Advanced risk assessment tools"
Mortgage Underwriting,Q4 2024,1,"Regulatory Compliance",Run Work,"",20,"Compliance and audit support"
Mortgage Origination,Q4 2024,2,"Loan Application Portal",Feature,"Digital Mortgage Platform",50,"Continued loan application development"
Mortgage Origination,Q4 2024,2,"Digital Onboarding",Feature,"Customer Portal",35,"Digital customer onboarding"
Mortgage Origination,Q4 2024,2,"Critical Run",Run Work,"",15,"Production support"
Personal Loans Platform,Q4 2024,2,"Document Processing",Feature,"Digital Mortgage Platform",40,"Document processing completion"
Personal Loans Platform,Q4 2024,2,"API Gateway Optimization",Platform,"API Gateway Optimization",35,"API performance optimization"
Personal Loans Platform,Q4 2024,2,"Production Support",Run Work,"",25,"Enhanced production support"
Credit Assessment Engine,Q4 2024,2,"Mobile Authentication",Feature,"Mobile Banking 2.0",35,"Mobile authentication completion"
Credit Assessment Engine,Q4 2024,2,"Credit Scoring Engine",Platform,"Analytics Dashboard",45,"Advanced credit scoring"
Credit Assessment Engine,Q4 2024,2,"Critical Run",Run Work,"",20,"Ongoing BAU support"
Loan Servicing,Q4 2024,2,"Customer Portal",Feature,"Customer Portal",45,"Customer portal enhancement"
Loan Servicing,Q4 2024,2,"Payment Processing",Feature,"Payment Integration Platform",40,"Loan payment processing"
Loan Servicing,Q4 2024,2,"System Maintenance",Run Work,"",15,"System maintenance"
Collections & Recovery,Q4 2024,2,"Collections Analytics",Feature,"Analytics Dashboard",35,"Analytics platform completion"
Collections & Recovery,Q4 2024,2,"Recovery Optimization",Feature,"Performance Optimization",40,"Recovery process optimization"
Collections & Recovery,Q4 2024,2,"Compliance Monitoring",Run Work,"",25,"Ongoing compliance work"
Mortgage Underwriting,Q4 2024,2,"Underwriting Automation",Feature,"Digital Mortgage Platform",40,"Underwriting automation completion"
Mortgage Underwriting,Q4 2024,2,"Document Management",Platform,"Digital Mortgage Platform",35,"Document management system"
Mortgage Underwriting,Q4 2024,2,"Regulatory Compliance",Run Work,"",25,"Enhanced compliance monitoring"
Mortgage Origination,Q4 2024,3,"Digital Onboarding",Feature,"Customer Portal",55,"Major onboarding development"
Mortgage Origination,Q4 2024,3,"Loan Origination API",Platform,"API Gateway Optimization",30,"Loan origination API development"
Mortgage Origination,Q4 2024,3,"Critical Run",Run Work,"",15,"Production support"
Personal Loans Platform,Q4 2024,3,"API Gateway Optimization",Platform,"API Gateway Optimization",60,"API gateway completion - heavy effort"
Personal Loans Platform,Q4 2024,3,"Data Pipeline Setup",Platform,"Data Pipeline Optimization",40,"Data pipeline for loans - increased scope"
Personal Loans Platform,Q4 2024,3,"Production Support",Run Work,"",20,"Ongoing support - higher than usual"
Credit Assessment Engine,Q4 2024,3,"Credit Scoring Engine",Platform,"Analytics Dashboard",55,"Credit scoring completion"
Credit Assessment Engine,Q4 2024,3,"Machine Learning Models",Platform,"Analytics Dashboard",30,"ML model development"
Credit Assessment Engine,Q4 2024,3,"Critical Run",Run Work,"",15,"BAU support"
Loan Servicing,Q4 2024,3,"Payment Processing",Feature,"Payment Integration Platform",50,"Payment processing completion"
Loan Servicing,Q4 2024,3,"Service Analytics",Feature,"Analytics Dashboard",35,"Loan servicing analytics"
Loan Servicing,Q4 2024,3,"System Maintenance",Run Work,"",15,"System maintenance"
Collections & Recovery,Q4 2024,3,"Recovery Optimization",Feature,"Performance Optimization",45,"Recovery optimization completion"
Collections & Recovery,Q4 2024,3,"Predictive Analytics",Feature,"Analytics Dashboard",35,"Predictive collections analytics"
Collections & Recovery,Q4 2024,3,"Compliance Monitoring",Run Work,"",20,"Compliance work"
Mortgage Underwriting,Q4 2024,3,"Document Management",Platform,"Digital Mortgage Platform",50,"Document management completion"
Mortgage Underwriting,Q4 2024,3,"Workflow Automation",Platform,"Digital Mortgage Platform",30,"Workflow automation"
Mortgage Underwriting,Q4 2024,3,"Regulatory Compliance",Run Work,"",20,"Compliance support"
Mortgage Origination,Q4 2024,4,"Loan Origination API",Platform,"API Gateway Optimization",45,"API development completion"
Mortgage Origination,Q4 2024,4,"Mobile App Integration",Feature,"Mobile Banking 2.0",40,"Mobile app loan features"
Mortgage Origination,Q4 2024,4,"Critical Run",Run Work,"",15,"Production support"
Personal Loans Platform,Q4 2024,4,"Data Pipeline Setup",Platform,"Data Pipeline Optimization",55,"Data pipeline completion"
Personal Loans Platform,Q4 2024,4,"Performance Tuning",Platform,"Performance Optimization",30,"System performance optimization"
Personal Loans Platform,Q4 2024,4,"Production Support",Run Work,"",15,"Support activities"
Credit Assessment Engine,Q4 2024,4,"Machine Learning Models",Platform,"Analytics Dashboard",40,"ML model completion - scaled back"
Credit Assessment Engine,Q4 2024,4,"Real-time Scoring",Feature,"Analytics Dashboard",25,"Real-time credit scoring - reduced effort"
Credit Assessment Engine,Q4 2024,4,"Critical Run",Run Work,"",10,"BAU activities - minimal"
Loan Servicing,Q4 2024,4,"Service Analytics",Feature,"Analytics Dashboard",50,"Analytics completion"
Loan Servicing,Q4 2024,4,"Customer Communication",Feature,"Customer Portal",35,"Customer communication tools"
Loan Servicing,Q4 2024,4,"System Maintenance",Run Work,"",15,"Maintenance work"
Collections & Recovery,Q4 2024,4,"Predictive Analytics",Feature,"Analytics Dashboard",45,"Predictive analytics completion"
Collections & Recovery,Q4 2024,4,"Automated Workflows",Platform,"Performance Optimization",35,"Automated collection workflows"
Collections & Recovery,Q4 2024,4,"Compliance Monitoring",Run Work,"",20,"Compliance activities"
Mortgage Underwriting,Q4 2024,4,"Workflow Automation",Platform,"Digital Mortgage Platform",50,"Workflow automation completion"
Mortgage Underwriting,Q4 2024,4,"Quality Assurance",Platform,"Digital Mortgage Platform",30,"QA process automation"
Mortgage Underwriting,Q4 2024,4,"Regulatory Compliance",Run Work,"",20,"Ongoing compliance"
Mortgage Origination,Q4 2024,5,"Mobile App Integration",Feature,"Mobile Banking 2.0",50,"Mobile integration completion"
Mortgage Origination,Q4 2024,5,"Process Optimization",Platform,"Performance Optimization",35,"Loan origination optimization"
Mortgage Origination,Q4 2024,5,"Critical Run",Run Work,"",15,"Production support"
Personal Loans Platform,Q4 2024,5,"Performance Tuning",Platform,"Performance Optimization",50,"Performance optimization completion"
Personal Loans Platform,Q4 2024,5,"Security Enhancement",Platform,"Security Framework Enhancement",35,"Security improvements"
Personal Loans Platform,Q4 2024,5,"Production Support",Run Work,"",15,"Support work"
Credit Assessment Engine,Q4 2024,5,"Real-time Scoring",Feature,"Analytics Dashboard",45,"Real-time scoring completion"
Credit Assessment Engine,Q4 2024,5,"Risk Model Validation",Platform,"Analytics Dashboard",40,"Risk model validation"
Credit Assessment Engine,Q4 2024,5,"Critical Run",Run Work,"",15,"BAU support"
Loan Servicing,Q4 2024,5,"Customer Communication",Feature,"Customer Portal",65,"Communication tools completion - expanded scope"
Loan Servicing,Q4 2024,5,"Integration Testing",Platform,"Payment Integration Platform",45,"End-to-end integration testing - comprehensive"
Loan Servicing,Q4 2024,5,"System Maintenance",Run Work,"",5,"Maintenance activities - minimal"
Collections & Recovery,Q4 2024,5,"Automated Workflows",Platform,"Performance Optimization",45,"Workflow automation completion"
Collections & Recovery,Q4 2024,5,"Reporting System",Feature,"Analytics Dashboard",35,"Enhanced reporting capabilities"
Collections & Recovery,Q4 2024,5,"Compliance Monitoring",Run Work,"",20,"Compliance work"
Mortgage Underwriting,Q4 2024,5,"Quality Assurance",Platform,"Digital Mortgage Platform",50,"QA automation completion"
Mortgage Underwriting,Q4 2024,5,"Integration Platform",Platform,"API Gateway Optimization",30,"Underwriting API integration"
Mortgage Underwriting,Q4 2024,5,"Regulatory Compliance",Run Work,"",20,"Compliance support"
Mortgage Origination,Q4 2024,6,"Process Optimization",Platform,"Performance Optimization",45,"Process optimization completion"
Mortgage Origination,Q4 2024,6,"Legacy Migration",Platform,"Legacy System Migration",40,"Legacy system migration"
Mortgage Origination,Q4 2024,6,"Critical Run",Run Work,"",15,"Production support"
Personal Loans Platform,Q4 2024,6,"Security Enhancement",Platform,"Security Framework Enhancement",50,"Security enhancement completion"
Personal Loans Platform,Q4 2024,6,"System Integration",Platform,"API Gateway Optimization",35,"System integration work"
Personal Loans Platform,Q4 2024,6,"Production Support",Run Work,"",15,"Support activities"
Credit Assessment Engine,Q4 2024,6,"Risk Model Validation",Platform,"Analytics Dashboard",50,"Model validation completion"
Credit Assessment Engine,Q4 2024,6,"Monitoring Setup",Platform,"Monitoring System Setup",35,"Credit monitoring system"
Credit Assessment Engine,Q4 2024,6,"Critical Run",Run Work,"",15,"BAU activities"
Loan Servicing,Q4 2024,6,"Integration Testing",Platform,"Payment Integration Platform",45,"Integration testing completion"
Loan Servicing,Q4 2024,6,"Service Optimization",Platform,"Performance Optimization",40,"Service optimization"
Loan Servicing,Q4 2024,6,"System Maintenance",Run Work,"",15,"Maintenance work"
Collections & Recovery,Q4 2024,6,"Reporting System",Feature,"Analytics Dashboard",45,"Reporting system completion"
Collections & Recovery,Q4 2024,6,"Process Improvement",Platform,"Performance Optimization",35,"Process improvement initiatives"
Collections & Recovery,Q4 2024,6,"Compliance Monitoring",Run Work,"",20,"Ongoing compliance"
Mortgage Underwriting,Q4 2024,6,"Integration Platform",Platform,"API Gateway Optimization",50,"API integration completion"
Mortgage Underwriting,Q4 2024,6,"Documentation System",Platform,"Digital Mortgage Platform",30,"Documentation automation"
Mortgage Underwriting,Q4 2024,6,"Regulatory Compliance",Run Work,"",20,"Compliance activities"
Frontend Team,Q4 2024,1,"User Interface Development",Feature,"Customer Portal",60,"Customer portal frontend development"
Frontend Team,Q4 2024,1,"Mobile App Development",Feature,"Mobile Banking 2.0",25,"Mobile banking interface"
Frontend Team,Q4 2024,1,"Production Support",Run Work,"",15,"Frontend production support"
Frontend Team,Q4 2024,2,"User Interface Development",Feature,"Customer Portal",50,"Portal UI completion"
Frontend Team,Q4 2024,2,"Component Library",Platform,"Digital Mortgage Platform",35,"Reusable UI components"
Frontend Team,Q4 2024,2,"Production Support",Run Work,"",15,"Ongoing frontend support"
Frontend Team,Q4 2024,3,"Component Library",Platform,"Digital Mortgage Platform",45,"Component library expansion"
Frontend Team,Q4 2024,3,"Accessibility Features",Feature,"Customer Portal",40,"Accessibility improvements"
Frontend Team,Q4 2024,3,"Production Support",Run Work,"",15,"Frontend maintenance"
Frontend Team,Q4 2024,4,"Accessibility Features",Feature,"Customer Portal",50,"Accessibility completion"
Frontend Team,Q4 2024,4,"Performance Optimization",Platform,"Performance Optimization",35,"Frontend performance tuning"
Frontend Team,Q4 2024,4,"Production Support",Run Work,"",15,"Frontend support"
Frontend Team,Q4 2024,5,"Performance Optimization",Platform,"Performance Optimization",55,"Performance optimization completion"
Frontend Team,Q4 2024,5,"Design System",Platform,"Digital Mortgage Platform",30,"Design system implementation"
Frontend Team,Q4 2024,5,"Production Support",Run Work,"",15,"Frontend maintenance"
Frontend Team,Q4 2024,6,"Design System",Platform,"Digital Mortgage Platform",60,"Design system completion"
Frontend Team,Q4 2024,6,"Code Refactoring",Platform,"Legacy System Migration",25,"Frontend code modernization"
Frontend Team,Q4 2024,6,"Production Support",Run Work,"",15,"Frontend support"
Backend Team,Q4 2024,1,"API Development",Platform,"API Gateway Optimization",50,"Core API development"
Backend Team,Q4 2024,1,"Database Optimization",Platform,"Performance Optimization",35,"Database performance tuning"
Backend Team,Q4 2024,1,"System Maintenance",Run Work,"",15,"Backend system maintenance"
Backend Team,Q4 2024,2,"API Development",Platform,"API Gateway Optimization",45,"API gateway completion"
Backend Team,Q4 2024,2,"Microservices Migration",Platform,"Legacy System Migration",40,"Microservices architecture"
Backend Team,Q4 2024,2,"System Maintenance",Run Work,"",15,"Backend maintenance"
Backend Team,Q4 2024,3,"Microservices Migration",Platform,"Legacy System Migration",55,"Microservices implementation"
Backend Team,Q4 2024,3,"Security Implementation",Platform,"Security Framework Enhancement",30,"Backend security enhancements"
Backend Team,Q4 2024,3,"System Maintenance",Run Work,"",15,"System support"
Backend Team,Q4 2024,4,"Security Implementation",Platform,"Security Framework Enhancement",50,"Security framework completion"
Backend Team,Q4 2024,4,"Performance Tuning",Platform,"Performance Optimization",35,"Backend performance optimization"
Backend Team,Q4 2024,4,"System Maintenance",Run Work,"",15,"Backend support"
Backend Team,Q4 2024,5,"Performance Tuning",Platform,"Performance Optimization",45,"Performance optimization completion"
Backend Team,Q4 2024,5,"Cloud Migration",Platform,"Legacy System Migration",40,"Cloud infrastructure migration"
Backend Team,Q4 2024,5,"System Maintenance",Run Work,"",15,"Backend maintenance"
Backend Team,Q4 2024,6,"Cloud Migration",Platform,"Legacy System Migration",50,"Cloud migration completion"
Backend Team,Q4 2024,6,"Monitoring Setup",Platform,"Monitoring System Setup",35,"Backend monitoring implementation"
Backend Team,Q4 2024,6,"System Maintenance",Run Work,"",15,"Backend support"
Platform Team,Q4 2024,1,"Infrastructure Setup",Platform,"Legacy System Migration",60,"Platform infrastructure development"
Platform Team,Q4 2024,1,"Monitoring Implementation",Platform,"Monitoring System Setup",25,"Initial monitoring setup"
Platform Team,Q4 2024,1,"Infrastructure Maintenance",Run Work,"",15,"Platform maintenance"
Platform Team,Q4 2024,2,"Infrastructure Setup",Platform,"Legacy System Migration",50,"Infrastructure completion"
Platform Team,Q4 2024,2,"Security Framework",Platform,"Security Framework Enhancement",35,"Platform security implementation"
Platform Team,Q4 2024,2,"Infrastructure Maintenance",Run Work,"",15,"Platform support"
Platform Team,Q4 2024,3,"Security Framework",Platform,"Security Framework Enhancement",55,"Security framework development"
Platform Team,Q4 2024,3,"Container Orchestration",Platform,"Legacy System Migration",30,"Kubernetes implementation"
Platform Team,Q4 2024,3,"Infrastructure Maintenance",Run Work,"",15,"Platform maintenance"
Platform Team,Q4 2024,4,"Container Orchestration",Platform,"Legacy System Migration",45,"Container orchestration completion"
Platform Team,Q4 2024,4,"Performance Monitoring",Platform,"Monitoring System Setup",40,"Performance monitoring setup"
Platform Team,Q4 2024,4,"Infrastructure Maintenance",Run Work,"",15,"Platform support"
Platform Team,Q4 2024,5,"Performance Monitoring",Platform,"Monitoring System Setup",50,"Monitoring system completion"
Platform Team,Q4 2024,5,"Disaster Recovery",Platform,"Security Framework Enhancement",35,"Disaster recovery implementation"
Platform Team,Q4 2024,5,"Infrastructure Maintenance",Run Work,"",15,"Platform maintenance"
Platform Team,Q4 2024,6,"Disaster Recovery",Platform,"Security Framework Enhancement",55,"Disaster recovery completion"
Platform Team,Q4 2024,6,"Infrastructure Optimization",Platform,"Performance Optimization",30,"Infrastructure optimization"
Platform Team,Q4 2024,6,"Infrastructure Maintenance",Run Work,"",15,"Platform support"
Data Team,Q4 2024,1,"Data Pipeline Development",Platform,"Data Pipeline Optimization",65,"Data pipeline implementation"
Data Team,Q4 2024,1,"Analytics Setup",Feature,"Analytics Dashboard",20,"Initial analytics setup"
Data Team,Q4 2024,1,"Data Maintenance",Run Work,"",15,"Data pipeline maintenance"
Data Team,Q4 2024,2,"Data Pipeline Development",Platform,"Data Pipeline Optimization",50,"Pipeline development completion"
Data Team,Q4 2024,2,"ML Model Development",Feature,"Analytics Dashboard",35,"Machine learning model development"
Data Team,Q4 2024,2,"Data Maintenance",Run Work,"",15,"Data support"
Data Team,Q4 2024,3,"ML Model Development",Feature,"Analytics Dashboard",60,"ML model training and testing"
Data Team,Q4 2024,3,"Data Warehouse Setup",Platform,"Data Pipeline Optimization",25,"Data warehouse implementation"
Data Team,Q4 2024,3,"Data Maintenance",Run Work,"",15,"Data maintenance"
Data Team,Q4 2024,4,"Data Warehouse Setup",Platform,"Data Pipeline Optimization",45,"Data warehouse completion"
Data Team,Q4 2024,4,"Real-time Analytics",Feature,"Analytics Dashboard",40,"Real-time analytics implementation"
Data Team,Q4 2024,4,"Data Maintenance",Run Work,"",15,"Data support"
Data Team,Q4 2024,5,"Real-time Analytics",Feature,"Analytics Dashboard",55,"Real-time analytics completion"
Data Team,Q4 2024,5,"Data Governance",Platform,"Security Framework Enhancement",30,"Data governance framework"
Data Team,Q4 2024,5,"Data Maintenance",Run Work,"",15,"Data maintenance"
Data Team,Q4 2024,6,"Data Governance",Platform,"Security Framework Enhancement",50,"Data governance completion"
Data Team,Q4 2024,6,"Performance Optimization",Platform,"Performance Optimization",35,"Data performance optimization"
Data Team,Q4 2024,6,"Data Maintenance",Run Work,"",15,"Data support"
Consumer Risk Analytics,Q4 2024,1,"Risk Model Development",Feature,"Analytics Dashboard",70,"Consumer risk model development"
Consumer Risk Analytics,Q4 2024,1,"Model Validation",Platform,"Analytics Dashboard",20,"Risk model validation"
Consumer Risk Analytics,Q4 2024,1,"Risk Monitoring",Run Work,"",10,"Risk monitoring activities"
Consumer Risk Analytics,Q4 2024,2,"Risk Model Development",Feature,"Analytics Dashboard",60,"Risk model enhancement"
Consumer Risk Analytics,Q4 2024,2,"Credit Scoring Engine",Platform,"Analytics Dashboard",25,"Credit scoring implementation"
Consumer Risk Analytics,Q4 2024,2,"Risk Monitoring",Run Work,"",15,"Risk monitoring support"
Consumer Risk Analytics,Q4 2024,3,"Credit Scoring Engine",Platform,"Analytics Dashboard",55,"Credit scoring completion"
Consumer Risk Analytics,Q4 2024,3,"Fraud Detection",Feature,"Analytics Dashboard",30,"Fraud detection model"
Consumer Risk Analytics,Q4 2024,3,"Risk Monitoring",Run Work,"",15,"Risk support"
Consumer Risk Analytics,Q4 2024,4,"Fraud Detection",Feature,"Analytics Dashboard",50,"Fraud detection completion"
Consumer Risk Analytics,Q4 2024,4,"Regulatory Reporting",Platform,"Analytics Dashboard",35,"Regulatory reporting setup"
Consumer Risk Analytics,Q4 2024,4,"Risk Monitoring",Run Work,"",15,"Risk monitoring"
Consumer Risk Analytics,Q4 2024,5,"Regulatory Reporting",Platform,"Analytics Dashboard",45,"Regulatory reporting completion"
Consumer Risk Analytics,Q4 2024,5,"Portfolio Analytics",Feature,"Analytics Dashboard",40,"Portfolio risk analytics"
Consumer Risk Analytics,Q4 2024,5,"Risk Monitoring",Run Work,"",15,"Risk support"
Consumer Risk Analytics,Q4 2024,6,"Portfolio Analytics",Feature,"Analytics Dashboard",55,"Portfolio analytics completion"
Consumer Risk Analytics,Q4 2024,6,"Model Optimization",Platform,"Performance Optimization",30,"Risk model optimization"
Consumer Risk Analytics,Q4 2024,6,"Risk Monitoring",Run Work,"",15,"Risk monitoring"
Loan Origination Platform,Q4 2024,1,"Origination Workflow",Feature,"Digital Mortgage Platform",65,"Loan origination workflow development"
Loan Origination Platform,Q4 2024,1,"Document Processing",Platform,"Digital Mortgage Platform",25,"Document processing integration"
Loan Origination Platform,Q4 2024,1,"Platform Maintenance",Run Work,"",10,"Platform support"
Loan Origination Platform,Q4 2024,2,"Origination Workflow",Feature,"Digital Mortgage Platform",55,"Workflow completion"
Loan Origination Platform,Q4 2024,2,"Application API",Platform,"API Gateway Optimization",30,"Loan application API"
Loan Origination Platform,Q4 2024,2,"Platform Maintenance",Run Work,"",15,"Platform maintenance"
Loan Origination Platform,Q4 2024,3,"Application API",Platform,"API Gateway Optimization",50,"API development completion"
Loan Origination Platform,Q4 2024,3,"Integration Testing",Platform,"Digital Mortgage Platform",35,"System integration testing"
Loan Origination Platform,Q4 2024,3,"Platform Maintenance",Run Work,"",15,"Platform support"
Loan Origination Platform,Q4 2024,4,"Integration Testing",Platform,"Digital Mortgage Platform",45,"Integration testing completion"
Loan Origination Platform,Q4 2024,4,"Performance Tuning",Platform,"Performance Optimization",40,"Platform performance optimization"
Loan Origination Platform,Q4 2024,4,"Platform Maintenance",Run Work,"",15,"Platform maintenance"
Loan Origination Platform,Q4 2024,5,"Performance Tuning",Platform,"Performance Optimization",50,"Performance optimization completion"
Loan Origination Platform,Q4 2024,5,"Security Enhancement",Platform,"Security Framework Enhancement",35,"Platform security enhancements"
Loan Origination Platform,Q4 2024,5,"Platform Maintenance",Run Work,"",15,"Platform support"
Loan Origination Platform,Q4 2024,6,"Security Enhancement",Platform,"Security Framework Enhancement",55,"Security implementation completion"
Loan Origination Platform,Q4 2024,6,"Monitoring Integration",Platform,"Monitoring System Setup",30,"Platform monitoring setup"
Loan Origination Platform,Q4 2024,6,"Platform Maintenance",Run Work,"",15,"Platform maintenance"
Consumer Compliance,Q4 2024,1,"Compliance Framework",Platform,"Security Framework Enhancement",60,"Consumer compliance framework"
Consumer Compliance,Q4 2024,1,"Regulatory Reporting",Feature,"Analytics Dashboard",25,"Compliance reporting setup"
Consumer Compliance,Q4 2024,1,"Compliance Monitoring",Run Work,"",15,"Compliance activities"
Consumer Compliance,Q4 2024,2,"Compliance Framework",Platform,"Security Framework Enhancement",50,"Framework development completion"
Consumer Compliance,Q4 2024,2,"Audit Trail System",Platform,"Digital Mortgage Platform",35,"Audit trail implementation"
Consumer Compliance,Q4 2024,2,"Compliance Monitoring",Run Work,"",15,"Compliance support"
Consumer Compliance,Q4 2024,3,"Audit Trail System",Platform,"Digital Mortgage Platform",55,"Audit system completion"
Consumer Compliance,Q4 2024,3,"Policy Management",Feature,"Security Framework Enhancement",30,"Policy management system"
Consumer Compliance,Q4 2024,3,"Compliance Monitoring",Run Work,"",15,"Compliance maintenance"
Consumer Compliance,Q4 2024,4,"Policy Management",Feature,"Security Framework Enhancement",45,"Policy management completion"
Consumer Compliance,Q4 2024,4,"Risk Assessment",Feature,"Analytics Dashboard",40,"Compliance risk assessment"
Consumer Compliance,Q4 2024,4,"Compliance Monitoring",Run Work,"",15,"Compliance support"
Consumer Compliance,Q4 2024,5,"Risk Assessment",Feature,"Analytics Dashboard",50,"Risk assessment completion"
Consumer Compliance,Q4 2024,5,"Training Platform",Platform,"Digital Mortgage Platform",35,"Compliance training system"
Consumer Compliance,Q4 2024,5,"Compliance Monitoring",Run Work,"",15,"Compliance activities"
Consumer Compliance,Q4 2024,6,"Training Platform",Platform,"Digital Mortgage Platform",55,"Training platform completion"
Consumer Compliance,Q4 2024,6,"Compliance Analytics",Feature,"Analytics Dashboard",30,"Compliance analytics dashboard"
Consumer Compliance,Q4 2024,6,"Compliance Monitoring",Run Work,"",15,"Compliance maintenance"
Commercial Lending Platform,Q4 2024,1,"Commercial Loan Processing",Feature,"SME Lending Platform",60,"Commercial loan processing development"
Commercial Lending Platform,Q4 2024,1,"Risk Assessment Integration",Platform,"Business Risk Management",25,"Risk assessment system integration"
Commercial Lending Platform,Q4 2024,1,"Platform Support",Run Work,"",15,"Commercial platform maintenance"
Commercial Lending Platform,Q4 2024,2,"Commercial Loan Processing",Feature,"SME Lending Platform",55,"Loan processing completion"
Commercial Lending Platform,Q4 2024,2,"Credit Analysis Tools",Feature,"Business Risk Management",30,"Credit analysis tool development"
Commercial Lending Platform,Q4 2024,2,"Platform Support",Run Work,"",15,"Platform support"
Commercial Lending Platform,Q4 2024,3,"Credit Analysis Tools",Feature,"Business Risk Management",50,"Credit analysis completion"
Commercial Lending Platform,Q4 2024,3,"Underwriting Automation",Platform,"SME Lending Platform",35,"Commercial underwriting automation"
Commercial Lending Platform,Q4 2024,3,"Platform Support",Run Work,"",15,"Platform maintenance"
Commercial Lending Platform,Q4 2024,4,"Underwriting Automation",Platform,"SME Lending Platform",45,"Underwriting automation completion"
Commercial Lending Platform,Q4 2024,4,"Performance Optimization",Platform,"Performance Optimization",40,"Platform performance tuning"
Commercial Lending Platform,Q4 2024,4,"Platform Support",Run Work,"",15,"Platform support"
Commercial Lending Platform,Q4 2024,5,"Performance Optimization",Platform,"Performance Optimization",50,"Performance optimization completion"
Commercial Lending Platform,Q4 2024,5,"Security Enhancement",Platform,"Security Framework Enhancement",35,"Platform security improvements"
Commercial Lending Platform,Q4 2024,5,"Platform Support",Run Work,"",15,"Platform maintenance"
Commercial Lending Platform,Q4 2024,6,"Security Enhancement",Platform,"Security Framework Enhancement",55,"Security implementation completion"
Commercial Lending Platform,Q4 2024,6,"Integration Testing",Platform,"SME Lending Platform",30,"Final integration testing"
Commercial Lending Platform,Q4 2024,6,"Platform Support",Run Work,"",15,"Platform support"
SME Lending Engine,Q4 2024,1,"SME Application Processing",Feature,"SME Lending Platform",65,"SME loan application processing"
SME Lending Engine,Q4 2024,1,"Business Intelligence",Feature,"Analytics Dashboard",20,"SME business intelligence setup"
SME Lending Engine,Q4 2024,1,"Engine Maintenance",Run Work,"",15,"SME engine maintenance"
SME Lending Engine,Q4 2024,2,"SME Application Processing",Feature,"SME Lending Platform",55,"Application processing completion"
SME Lending Engine,Q4 2024,2,"Credit Decision Engine",Platform,"Business Risk Management",30,"Automated credit decisions"
SME Lending Engine,Q4 2024,2,"Engine Maintenance",Run Work,"",15,"Engine support"
SME Lending Engine,Q4 2024,3,"Credit Decision Engine",Platform,"Business Risk Management",50,"Credit engine completion"
SME Lending Engine,Q4 2024,3,"Portfolio Management",Feature,"Corporate Finance Platform",35,"SME portfolio management"
SME Lending Engine,Q4 2024,3,"Engine Maintenance",Run Work,"",15,"Engine maintenance"
SME Lending Engine,Q4 2024,4,"Portfolio Management",Feature,"Corporate Finance Platform",45,"Portfolio management completion"
SME Lending Engine,Q4 2024,4,"Risk Monitoring",Platform,"Business Risk Management",40,"SME risk monitoring system"
SME Lending Engine,Q4 2024,4,"Engine Maintenance",Run Work,"",15,"Engine support"
SME Lending Engine,Q4 2024,5,"Risk Monitoring",Platform,"Business Risk Management",50,"Risk monitoring completion"
SME Lending Engine,Q4 2024,5,"Performance Tuning",Platform,"Performance Optimization",35,"Engine performance optimization"
SME Lending Engine,Q4 2024,5,"Engine Maintenance",Run Work,"",15,"Engine maintenance"
SME Lending Engine,Q4 2024,6,"Performance Tuning",Platform,"Performance Optimization",55,"Performance optimization completion"
SME Lending Engine,Q4 2024,6,"Compliance Integration",Platform,"Security Framework Enhancement",30,"SME compliance integration"
SME Lending Engine,Q4 2024,6,"Engine Maintenance",Run Work,"",15,"Engine support"
Corporate Finance Platform,Q4 2024,1,"Corporate Banking Services",Feature,"Corporate Finance Platform",60,"Corporate banking service development"
Corporate Finance Platform,Q4 2024,1,"Treasury Management",Feature,"Corporate Finance Platform",25,"Treasury management system"
Corporate Finance Platform,Q4 2024,1,"Platform Maintenance",Run Work,"",15,"Corporate platform support"
Corporate Finance Platform,Q4 2024,2,"Corporate Banking Services",Feature,"Corporate Finance Platform",50,"Banking services completion"
Corporate Finance Platform,Q4 2024,2,"Investment Tools",Feature,"Corporate Finance Platform",35,"Investment management tools"
Corporate Finance Platform,Q4 2024,2,"Platform Maintenance",Run Work,"",15,"Platform maintenance"
Corporate Finance Platform,Q4 2024,3,"Investment Tools",Feature,"Corporate Finance Platform",55,"Investment tools completion"
Corporate Finance Platform,Q4 2024,3,"Risk Analytics",Feature,"Business Risk Management",30,"Corporate risk analytics"
Corporate Finance Platform,Q4 2024,3,"Platform Maintenance",Run Work,"",15,"Platform support"
Corporate Finance Platform,Q4 2024,4,"Risk Analytics",Feature,"Business Risk Management",45,"Risk analytics completion"
Corporate Finance Platform,Q4 2024,4,"Regulatory Reporting",Platform,"Analytics Dashboard",40,"Corporate regulatory reporting"
Corporate Finance Platform,Q4 2024,4,"Platform Maintenance",Run Work,"",15,"Platform maintenance"
Corporate Finance Platform,Q4 2024,5,"Regulatory Reporting",Platform,"Analytics Dashboard",50,"Reporting system completion"
Corporate Finance Platform,Q4 2024,5,"Performance Optimization",Platform,"Performance Optimization",35,"Platform performance tuning"
Corporate Finance Platform,Q4 2024,5,"Platform Maintenance",Run Work,"",15,"Platform support"
Corporate Finance Platform,Q4 2024,6,"Performance Optimization",Platform,"Performance Optimization",55,"Performance optimization completion"
Corporate Finance Platform,Q4 2024,6,"Security Enhancement",Platform,"Security Framework Enhancement",30,"Corporate security enhancements"
Corporate Finance Platform,Q4 2024,6,"Platform Maintenance",Run Work,"",15,"Platform maintenance"
Business Risk Management,Q4 2024,1,"Risk Assessment Framework",Platform,"Business Risk Management",65,"Business risk assessment framework"
Business Risk Management,Q4 2024,1,"Credit Risk Models",Feature,"Analytics Dashboard",20,"Credit risk modeling"
Business Risk Management,Q4 2024,1,"Risk Monitoring",Run Work,"",15,"Risk monitoring activities"
Business Risk Management,Q4 2024,2,"Risk Assessment Framework",Platform,"Business Risk Management",55,"Framework completion"
Business Risk Management,Q4 2024,2,"Market Risk Analysis",Feature,"Analytics Dashboard",30,"Market risk analysis tools"
Business Risk Management,Q4 2024,2,"Risk Monitoring",Run Work,"",15,"Risk support"
Business Risk Management,Q4 2024,3,"Market Risk Analysis",Feature,"Analytics Dashboard",50,"Market risk analysis completion"
Business Risk Management,Q4 2024,3,"Stress Testing",Platform,"Business Risk Management",35,"Stress testing framework"
Business Risk Management,Q4 2024,3,"Risk Monitoring",Run Work,"",15,"Risk maintenance"
Business Risk Management,Q4 2024,4,"Stress Testing",Platform,"Business Risk Management",45,"Stress testing completion"
Business Risk Management,Q4 2024,4,"Portfolio Risk Analytics",Feature,"Analytics Dashboard",40,"Portfolio risk analytics"
Business Risk Management,Q4 2024,4,"Risk Monitoring",Run Work,"",15,"Risk support"
Business Risk Management,Q4 2024,5,"Portfolio Risk Analytics",Feature,"Analytics Dashboard",50,"Portfolio analytics completion"
Business Risk Management,Q4 2024,5,"Risk Reporting",Platform,"Analytics Dashboard",35,"Risk reporting dashboard"
Business Risk Management,Q4 2024,5,"Risk Monitoring",Run Work,"",15,"Risk maintenance"
Business Risk Management,Q4 2024,6,"Risk Reporting",Platform,"Analytics Dashboard",55,"Risk reporting completion"
Business Risk Management,Q4 2024,6,"Regulatory Compliance",Platform,"Security Framework Enhancement",30,"Risk regulatory compliance"
Business Risk Management,Q4 2024,6,"Risk Monitoring",Run Work,"",15,"Risk support"
Trade Finance,Q4 2024,1,"Trade Finance Processing",Feature,"Trade Finance Platform",60,"Trade finance transaction processing"
Trade Finance,Q4 2024,1,"Documentary Credits",Feature,"Trade Finance Platform",25,"Documentary credit system"
Trade Finance,Q4 2024,1,"Trade Operations",Run Work,"",15,"Trade finance operations"
Trade Finance,Q4 2024,2,"Trade Finance Processing",Feature,"Trade Finance Platform",55,"Processing system completion"
Trade Finance,Q4 2024,2,"SWIFT Integration",Platform,"API Gateway Optimization",30,"SWIFT messaging integration"
Trade Finance,Q4 2024,2,"Trade Operations",Run Work,"",15,"Trade support"
Trade Finance,Q4 2024,3,"SWIFT Integration",Platform,"API Gateway Optimization",50,"SWIFT integration completion"
Trade Finance,Q4 2024,3,"Risk Management",Feature,"Business Risk Management",35,"Trade finance risk management"
Trade Finance,Q4 2024,3,"Trade Operations",Run Work,"",15,"Trade maintenance"
Trade Finance,Q4 2024,4,"Risk Management",Feature,"Business Risk Management",45,"Risk management completion"
Trade Finance,Q4 2024,4,"Compliance System",Platform,"Security Framework Enhancement",40,"Trade compliance system"
Trade Finance,Q4 2024,4,"Trade Operations",Run Work,"",15,"Trade support"
Trade Finance,Q4 2024,5,"Compliance System",Platform,"Security Framework Enhancement",50,"Compliance system completion"
Trade Finance,Q4 2024,5,"Analytics Dashboard",Feature,"Analytics Dashboard",35,"Trade finance analytics"
Trade Finance,Q4 2024,5,"Trade Operations",Run Work,"",15,"Trade maintenance"
Trade Finance,Q4 2024,6,"Analytics Dashboard",Feature,"Analytics Dashboard",55,"Analytics dashboard completion"
Trade Finance,Q4 2024,6,"Performance Optimization",Platform,"Performance Optimization",30,"Trade platform optimization"
Trade Finance,Q4 2024,6,"Trade Operations",Run Work,"",15,"Trade support"
Asset Finance Platform,Q4 2024,1,"Asset Financing System",Feature,"Asset Finance Platform",65,"Asset financing system development"
Asset Finance Platform,Q4 2024,1,"Collateral Management",Platform,"Asset Finance Platform",20,"Collateral management system"
Asset Finance Platform,Q4 2024,1,"Platform Operations",Run Work,"",15,"Asset platform operations"
Asset Finance Platform,Q4 2024,2,"Asset Financing System",Feature,"Asset Finance Platform",55,"Financing system completion"
Asset Finance Platform,Q4 2024,2,"Lease Management",Feature,"Asset Finance Platform",30,"Equipment lease management"
Asset Finance Platform,Q4 2024,2,"Platform Operations",Run Work,"",15,"Platform support"
Asset Finance Platform,Q4 2024,3,"Lease Management",Feature,"Asset Finance Platform",50,"Lease management completion"
Asset Finance Platform,Q4 2024,3,"Valuation Engine",Platform,"Analytics Dashboard",35,"Asset valuation engine"
Asset Finance Platform,Q4 2024,3,"Platform Operations",Run Work,"",15,"Platform maintenance"
Asset Finance Platform,Q4 2024,4,"Valuation Engine",Platform,"Analytics Dashboard",45,"Valuation engine completion"
Asset Finance Platform,Q4 2024,4,"Risk Assessment",Feature,"Business Risk Management",40,"Asset risk assessment"
Asset Finance Platform,Q4 2024,4,"Platform Operations",Run Work,"",15,"Platform support"
Asset Finance Platform,Q4 2024,5,"Risk Assessment",Feature,"Business Risk Management",50,"Risk assessment completion"
Asset Finance Platform,Q4 2024,5,"Performance Monitoring",Platform,"Monitoring System Setup",35,"Asset platform monitoring"
Asset Finance Platform,Q4 2024,5,"Platform Operations",Run Work,"",15,"Platform maintenance"
Asset Finance Platform,Q4 2024,6,"Performance Monitoring",Platform,"Monitoring System Setup",55,"Monitoring system completion"
Asset Finance Platform,Q4 2024,6,"Integration Testing",Platform,"Asset Finance Platform",30,"Final system integration"
Asset Finance Platform,Q4 2024,6,"Platform Operations",Run Work,"",15,"Platform support"
Commercial Risk Analytics,Q4 2024,1,"Commercial Risk Models",Feature,"Commercial Risk Analytics",70,"Commercial risk modeling"
Commercial Risk Analytics,Q4 2024,1,"Data Integration",Platform,"Data Pipeline Optimization",15,"Risk data integration"
Commercial Risk Analytics,Q4 2024,1,"Analytics Maintenance",Run Work,"",15,"Analytics support"
Commercial Risk Analytics,Q4 2024,2,"Commercial Risk Models",Feature,"Commercial Risk Analytics",60,"Risk models completion"
Commercial Risk Analytics,Q4 2024,2,"Predictive Analytics",Feature,"Analytics Dashboard",25,"Predictive risk analytics"
Commercial Risk Analytics,Q4 2024,2,"Analytics Maintenance",Run Work,"",15,"Analytics maintenance"
Commercial Risk Analytics,Q4 2024,3,"Predictive Analytics",Feature,"Analytics Dashboard",55,"Predictive analytics completion"
Commercial Risk Analytics,Q4 2024,3,"Real-time Monitoring",Platform,"Monitoring System Setup",30,"Real-time risk monitoring"
Commercial Risk Analytics,Q4 2024,3,"Analytics Maintenance",Run Work,"",15,"Analytics support"
Commercial Risk Analytics,Q4 2024,4,"Real-time Monitoring",Platform,"Monitoring System Setup",50,"Monitoring system completion"
Commercial Risk Analytics,Q4 2024,4,"Risk Reporting",Platform,"Analytics Dashboard",35,"Commercial risk reporting"
Commercial Risk Analytics,Q4 2024,4,"Analytics Maintenance",Run Work,"",15,"Analytics maintenance"
Commercial Risk Analytics,Q4 2024,5,"Risk Reporting",Platform,"Analytics Dashboard",45,"Risk reporting completion"
Commercial Risk Analytics,Q4 2024,5,"Model Validation",Platform,"Commercial Risk Analytics",40,"Risk model validation"
Commercial Risk Analytics,Q4 2024,5,"Analytics Maintenance",Run Work,"",15,"Analytics support"
Commercial Risk Analytics,Q4 2024,6,"Model Validation",Platform,"Commercial Risk Analytics",55,"Model validation completion"
Commercial Risk Analytics,Q4 2024,6,"Performance Optimization",Platform,"Performance Optimization",30,"Analytics performance optimization"
Commercial Risk Analytics,Q4 2024,6,"Analytics Maintenance",Run Work,"",15,"Analytics maintenance"
Business Lending Operations,Q4 2024,1,"Operations Automation",Platform,"Performance Optimization",60,"Business lending operations automation"
Business Lending Operations,Q4 2024,1,"Process Management",Feature,"SME Lending Platform",25,"Lending process management"
Business Lending Operations,Q4 2024,1,"Operations Support",Run Work,"",15,"Operations maintenance"
Business Lending Operations,Q4 2024,2,"Operations Automation",Platform,"Performance Optimization",55,"Automation completion"
Business Lending Operations,Q4 2024,2,"Workflow Optimization",Platform,"SME Lending Platform",30,"Workflow optimization"
Business Lending Operations,Q4 2024,2,"Operations Support",Run Work,"",15,"Operations support"
Business Lending Operations,Q4 2024,3,"Workflow Optimization",Platform,"SME Lending Platform",50,"Workflow completion"
Business Lending Operations,Q4 2024,3,"Quality Management",Platform,"Analytics Dashboard",35,"Operations quality management"
Business Lending Operations,Q4 2024,3,"Operations Support",Run Work,"",15,"Operations maintenance"
Business Lending Operations,Q4 2024,4,"Quality Management",Platform,"Analytics Dashboard",45,"Quality management completion"
Business Lending Operations,Q4 2024,4,"Compliance Integration",Platform,"Security Framework Enhancement",40,"Operations compliance integration"
Business Lending Operations,Q4 2024,4,"Operations Support",Run Work,"",15,"Operations support"
Business Lending Operations,Q4 2024,5,"Compliance Integration",Platform,"Security Framework Enhancement",50,"Compliance integration completion"
Business Lending Operations,Q4 2024,5,"Performance Monitoring",Platform,"Monitoring System Setup",35,"Operations performance monitoring"
Business Lending Operations,Q4 2024,5,"Operations Support",Run Work,"",15,"Operations maintenance"
Business Lending Operations,Q4 2024,6,"Performance Monitoring",Platform,"Monitoring System Setup",55,"Monitoring completion"
Business Lending Operations,Q4 2024,6,"Process Improvement",Platform,"Performance Optimization",30,"Operations process improvement"
Business Lending Operations,Q4 2024,6,"Operations Support",Run Work,"",15,"Operations support"
Commercial Underwriting,Q4 2024,1,"Underwriting Platform",Feature,"SME Lending Platform",65,"Commercial underwriting platform"
Commercial Underwriting,Q4 2024,1,"Risk Assessment Tools",Platform,"Business Risk Management",20,"Underwriting risk tools"
Commercial Underwriting,Q4 2024,1,"Underwriting Support",Run Work,"",15,"Underwriting operations"
Commercial Underwriting,Q4 2024,2,"Underwriting Platform",Feature,"SME Lending Platform",55,"Platform completion"
Commercial Underwriting,Q4 2024,2,"Decision Engine",Platform,"Business Risk Management",30,"Automated decision engine"
Commercial Underwriting,Q4 2024,2,"Underwriting Support",Run Work,"",15,"Underwriting maintenance"
Commercial Underwriting,Q4 2024,3,"Decision Engine",Platform,"Business Risk Management",50,"Decision engine completion"
Commercial Underwriting,Q4 2024,3,"Credit Analysis",Feature,"Analytics Dashboard",35,"Advanced credit analysis"
Commercial Underwriting,Q4 2024,3,"Underwriting Support",Run Work,"",15,"Underwriting support"
Commercial Underwriting,Q4 2024,4,"Credit Analysis",Feature,"Analytics Dashboard",45,"Credit analysis completion"
Commercial Underwriting,Q4 2024,4,"Portfolio Management",Platform,"Corporate Finance Platform",40,"Underwriting portfolio management"
Commercial Underwriting,Q4 2024,4,"Underwriting Support",Run Work,"",15,"Underwriting maintenance"
Commercial Underwriting,Q4 2024,5,"Portfolio Management",Platform,"Corporate Finance Platform",50,"Portfolio management completion"
Commercial Underwriting,Q4 2024,5,"Compliance Framework",Platform,"Security Framework Enhancement",35,"Underwriting compliance"
Commercial Underwriting,Q4 2024,5,"Underwriting Support",Run Work,"",15,"Underwriting support"
Commercial Underwriting,Q4 2024,6,"Compliance Framework",Platform,"Security Framework Enhancement",55,"Compliance framework completion"
Commercial Underwriting,Q4 2024,6,"Performance Optimization",Platform,"Performance Optimization",30,"Underwriting performance optimization"
Commercial Underwriting,Q4 2024,6,"Underwriting Support",Run Work,"",15,"Underwriting maintenance"
Credit Card Platform,Q4 2024,1,"Card Processing Engine",Platform,"Credit Card Platform",60,"Credit card processing development"
Credit Card Platform,Q4 2024,1,"Fraud Detection",Feature,"Analytics Dashboard",25,"Credit card fraud detection"
Credit Card Platform,Q4 2024,1,"Card Operations",Run Work,"",15,"Card platform operations"
Credit Card Platform,Q4 2024,2,"Card Processing Engine",Platform,"Credit Card Platform",55,"Processing engine completion"
Credit Card Platform,Q4 2024,2,"Rewards System",Feature,"Credit Card Platform",30,"Credit card rewards system"
Credit Card Platform,Q4 2024,2,"Card Operations",Run Work,"",15,"Card support"
Credit Card Platform,Q4 2024,3,"Rewards System",Feature,"Credit Card Platform",50,"Rewards system completion"
Credit Card Platform,Q4 2024,3,"Mobile Integration",Feature,"Mobile Banking 2.0",35,"Card mobile integration"
Credit Card Platform,Q4 2024,3,"Card Operations",Run Work,"",15,"Card maintenance"
Credit Card Platform,Q4 2024,4,"Mobile Integration",Feature,"Mobile Banking 2.0",45,"Mobile integration completion"
Credit Card Platform,Q4 2024,4,"Analytics Dashboard",Feature,"Analytics Dashboard",40,"Card analytics dashboard"
Credit Card Platform,Q4 2024,4,"Card Operations",Run Work,"",15,"Card support"
Credit Card Platform,Q4 2024,5,"Analytics Dashboard",Feature,"Analytics Dashboard",50,"Analytics completion"
Credit Card Platform,Q4 2024,5,"Security Enhancement",Platform,"Security Framework Enhancement",35,"Card security enhancements"
Credit Card Platform,Q4 2024,5,"Card Operations",Run Work,"",15,"Card maintenance"
Credit Card Platform,Q4 2024,6,"Security Enhancement",Platform,"Security Framework Enhancement",55,"Security implementation completion"
Credit Card Platform,Q4 2024,6,"Performance Optimization",Platform,"Performance Optimization",30,"Card platform optimization"
Credit Card Platform,Q4 2024,6,"Card Operations",Run Work,"",15,"Card support"
Debit Card Services,Q4 2024,1,"Debit Card Platform",Feature,"Debit Card Services",65,"Debit card platform development"
Debit Card Services,Q4 2024,1,"PIN Management",Platform,"Debit Card Services",20,"PIN management system"
Debit Card Services,Q4 2024,1,"Card Services Support",Run Work,"",15,"Debit card operations"
Debit Card Services,Q4 2024,2,"Debit Card Platform",Feature,"Debit Card Services",55,"Platform completion"
Debit Card Services,Q4 2024,2,"ATM Integration",Platform,"API Gateway Optimization",30,"ATM network integration"
Debit Card Services,Q4 2024,2,"Card Services Support",Run Work,"",15,"Card services maintenance"
Debit Card Services,Q4 2024,3,"ATM Integration",Platform,"API Gateway Optimization",50,"ATM integration completion"
Debit Card Services,Q4 2024,3,"Transaction Monitoring",Feature,"Analytics Dashboard",35,"Debit transaction monitoring"
Debit Card Services,Q4 2024,3,"Card Services Support",Run Work,"",15,"Card services support"
Debit Card Services,Q4 2024,4,"Transaction Monitoring",Feature,"Analytics Dashboard",45,"Monitoring system completion"
Debit Card Services,Q4 2024,4,"Mobile Wallet Integration",Feature,"Digital Wallet Platform",40,"Mobile wallet integration"
Debit Card Services,Q4 2024,4,"Card Services Support",Run Work,"",15,"Card services maintenance"
Debit Card Services,Q4 2024,5,"Mobile Wallet Integration",Feature,"Digital Wallet Platform",50,"Wallet integration completion"
Debit Card Services,Q4 2024,5,"Security Framework",Platform,"Security Framework Enhancement",35,"Debit card security"
Debit Card Services,Q4 2024,5,"Card Services Support",Run Work,"",15,"Card services support"
Debit Card Services,Q4 2024,6,"Security Framework",Platform,"Security Framework Enhancement",55,"Security framework completion"
Debit Card Services,Q4 2024,6,"Performance Optimization",Platform,"Performance Optimization",30,"Card services optimization"
Debit Card Services,Q4 2024,6,"Card Services Support",Run Work,"",15,"Card services maintenance"
Payment Processing Engine,Q4 2024,1,"Payment Engine Core",Platform,"Payment Processing Engine",60,"Payment processing engine development"
Payment Processing Engine,Q4 2024,1,"Real-time Processing",Platform,"Payment Processing Engine",25,"Real-time payment processing"
Payment Processing Engine,Q4 2024,1,"Engine Operations",Run Work,"",15,"Payment engine operations"
Payment Processing Engine,Q4 2024,2,"Payment Engine Core",Platform,"Payment Processing Engine",55,"Engine core completion"
Payment Processing Engine,Q4 2024,2,"Settlement System",Platform,"Payment Integration Platform",30,"Payment settlement system"
Payment Processing Engine,Q4 2024,2,"Engine Operations",Run Work,"",15,"Engine maintenance"
Payment Processing Engine,Q4 2024,3,"Settlement System",Platform,"Payment Integration Platform",50,"Settlement completion"
Payment Processing Engine,Q4 2024,3,"Fraud Detection",Feature,"Analytics Dashboard",35,"Payment fraud detection"
Payment Processing Engine,Q4 2024,3,"Engine Operations",Run Work,"",15,"Engine support"
Payment Processing Engine,Q4 2024,4,"Fraud Detection",Feature,"Analytics Dashboard",45,"Fraud detection completion"
Payment Processing Engine,Q4 2024,4,"Network Integration",Platform,"API Gateway Optimization",40,"Payment network integration"
Payment Processing Engine,Q4 2024,4,"Engine Operations",Run Work,"",15,"Engine maintenance"
Payment Processing Engine,Q4 2024,5,"Network Integration",Platform,"API Gateway Optimization",50,"Network integration completion"
Payment Processing Engine,Q4 2024,5,"Performance Monitoring",Platform,"Monitoring System Setup",35,"Engine performance monitoring"
Payment Processing Engine,Q4 2024,5,"Engine Operations",Run Work,"",15,"Engine support"
Payment Processing Engine,Q4 2024,6,"Performance Monitoring",Platform,"Monitoring System Setup",55,"Monitoring completion"
Payment Processing Engine,Q4 2024,6,"Security Enhancement",Platform,"Security Framework Enhancement",30,"Engine security enhancements"
Payment Processing Engine,Q4 2024,6,"Engine Operations",Run Work,"",15,"Engine maintenance"
Payment Analytics,Q4 2024,1,"Payment Data Pipeline",Platform,"Data Pipeline Optimization",65,"Payment analytics data pipeline"
Payment Analytics,Q4 2024,1,"Transaction Analytics",Feature,"Analytics Dashboard",20,"Transaction analytics setup"
Payment Analytics,Q4 2024,1,"Analytics Support",Run Work,"",15,"Payment analytics support"
Payment Analytics,Q4 2024,2,"Payment Data Pipeline",Platform,"Data Pipeline Optimization",55,"Data pipeline completion"
Payment Analytics,Q4 2024,2,"Merchant Analytics",Feature,"Analytics Dashboard",30,"Merchant analytics development"
Payment Analytics,Q4 2024,2,"Analytics Support",Run Work,"",15,"Analytics maintenance"
Payment Analytics,Q4 2024,3,"Merchant Analytics",Feature,"Analytics Dashboard",50,"Merchant analytics completion"
Payment Analytics,Q4 2024,3,"Revenue Analytics",Feature,"Analytics Dashboard",35,"Payment revenue analytics"
Payment Analytics,Q4 2024,3,"Analytics Support",Run Work,"",15,"Analytics support"
Payment Analytics,Q4 2024,4,"Revenue Analytics",Feature,"Analytics Dashboard",45,"Revenue analytics completion"
Payment Analytics,Q4 2024,4,"Risk Analytics",Feature,"Business Risk Management",40,"Payment risk analytics"
Payment Analytics,Q4 2024,4,"Analytics Support",Run Work,"",15,"Analytics maintenance"
Payment Analytics,Q4 2024,5,"Risk Analytics",Feature,"Business Risk Management",50,"Risk analytics completion"
Payment Analytics,Q4 2024,5,"Real-time Dashboards",Platform,"Analytics Dashboard",35,"Real-time payment dashboards"
Payment Analytics,Q4 2024,5,"Analytics Support",Run Work,"",15,"Analytics support"
Payment Analytics,Q4 2024,6,"Real-time Dashboards",Platform,"Analytics Dashboard",55,"Dashboard completion"
Payment Analytics,Q4 2024,6,"Performance Optimization",Platform,"Performance Optimization",30,"Analytics performance optimization"
Payment Analytics,Q4 2024,6,"Analytics Support",Run Work,"",15,"Analytics maintenance"
Card Fraud Detection,Q4 2024,1,"Fraud Detection Engine",Platform,"Analytics Dashboard",65,"Card fraud detection engine"
Card Fraud Detection,Q4 2024,1,"Machine Learning Models",Feature,"Analytics Dashboard",20,"ML fraud detection models"
Card Fraud Detection,Q4 2024,1,"Fraud Operations",Run Work,"",15,"Fraud detection operations"
Card Fraud Detection,Q4 2024,2,"Fraud Detection Engine",Platform,"Analytics Dashboard",55,"Detection engine completion"
Card Fraud Detection,Q4 2024,2,"Real-time Monitoring",Platform,"Monitoring System Setup",30,"Real-time fraud monitoring"
Card Fraud Detection,Q4 2024,2,"Fraud Operations",Run Work,"",15,"Fraud support"
Card Fraud Detection,Q4 2024,3,"Real-time Monitoring",Platform,"Monitoring System Setup",50,"Monitoring completion"
Card Fraud Detection,Q4 2024,3,"Risk Scoring",Feature,"Analytics Dashboard",35,"Fraud risk scoring"
Card Fraud Detection,Q4 2024,3,"Fraud Operations",Run Work,"",15,"Fraud maintenance"
Card Fraud Detection,Q4 2024,4,"Risk Scoring",Feature,"Analytics Dashboard",45,"Risk scoring completion"
Card Fraud Detection,Q4 2024,4,"Case Management",Platform,"Security Framework Enhancement",40,"Fraud case management"
Card Fraud Detection,Q4 2024,4,"Fraud Operations",Run Work,"",15,"Fraud support"
Card Fraud Detection,Q4 2024,5,"Case Management",Platform,"Security Framework Enhancement",50,"Case management completion"
Card Fraud Detection,Q4 2024,5,"Alert System",Platform,"Monitoring System Setup",35,"Fraud alert system"
Card Fraud Detection,Q4 2024,5,"Fraud Operations",Run Work,"",15,"Fraud maintenance"
Card Fraud Detection,Q4 2024,6,"Alert System",Platform,"Monitoring System Setup",55,"Alert system completion"
Card Fraud Detection,Q4 2024,6,"Performance Tuning",Platform,"Performance Optimization",30,"Fraud detection optimization"
Card Fraud Detection,Q4 2024,6,"Fraud Operations",Run Work,"",15,"Fraud support"
Payment Security,Q4 2024,1,"Security Framework",Platform,"Security Framework Enhancement",70,"Payment security framework"
Payment Security,Q4 2024,1,"Encryption Services",Platform,"Security Framework Enhancement",15,"Payment encryption services"
Payment Security,Q4 2024,1,"Security Operations",Run Work,"",15,"Security operations"
Payment Security,Q4 2024,2,"Security Framework",Platform,"Security Framework Enhancement",60,"Framework completion"
Payment Security,Q4 2024,2,"Token Management",Platform,"Security Framework Enhancement",25,"Payment tokenization"
Payment Security,Q4 2024,2,"Security Operations",Run Work,"",15,"Security maintenance"
Payment Security,Q4 2024,3,"Token Management",Platform,"Security Framework Enhancement",55,"Tokenization completion"
Payment Security,Q4 2024,3,"PCI Compliance",Platform,"Security Framework Enhancement",30,"PCI DSS compliance"
Payment Security,Q4 2024,3,"Security Operations",Run Work,"",15,"Security support"
Payment Security,Q4 2024,4,"PCI Compliance",Platform,"Security Framework Enhancement",50,"PCI compliance completion"
Payment Security,Q4 2024,4,"Security Monitoring",Platform,"Monitoring System Setup",35,"Payment security monitoring"
Payment Security,Q4 2024,4,"Security Operations",Run Work,"",15,"Security maintenance"
Payment Security,Q4 2024,5,"Security Monitoring",Platform,"Monitoring System Setup",45,"Monitoring completion"
Payment Security,Q4 2024,5,"Incident Response",Platform,"Security Framework Enhancement",40,"Security incident response"
Payment Security,Q4 2024,5,"Security Operations",Run Work,"",15,"Security support"
Payment Security,Q4 2024,6,"Incident Response",Platform,"Security Framework Enhancement",55,"Incident response completion"
Payment Security,Q4 2024,6,"Vulnerability Management",Platform,"Security Framework Enhancement",30,"Security vulnerability management"
Payment Security,Q4 2024,6,"Security Operations",Run Work,"",15,"Security maintenance"
Merchant Services,Q4 2024,1,"Merchant Platform",Feature,"Merchant Services",60,"Merchant services platform"
Merchant Services,Q4 2024,1,"Onboarding System",Platform,"Merchant Services",25,"Merchant onboarding system"
Merchant Services,Q4 2024,1,"Merchant Support",Run Work,"",15,"Merchant services support"
Merchant Services,Q4 2024,2,"Merchant Platform",Feature,"Merchant Services",55,"Platform completion"
Merchant Services,Q4 2024,2,"Payment Gateway",Platform,"Payment Gateway",30,"Merchant payment gateway"
Merchant Services,Q4 2024,2,"Merchant Support",Run Work,"",15,"Merchant maintenance"
Merchant Services,Q4 2024,3,"Payment Gateway",Platform,"Payment Gateway",50,"Gateway completion"
Merchant Services,Q4 2024,3,"Analytics Dashboard",Feature,"Analytics Dashboard",35,"Merchant analytics"
Merchant Services,Q4 2024,3,"Merchant Support",Run Work,"",15,"Merchant support"
Merchant Services,Q4 2024,4,"Analytics Dashboard",Feature,"Analytics Dashboard",45,"Analytics completion"
Merchant Services,Q4 2024,4,"Risk Management",Feature,"Business Risk Management",40,"Merchant risk management"
Merchant Services,Q4 2024,4,"Merchant Support",Run Work,"",15,"Merchant maintenance"
Merchant Services,Q4 2024,5,"Risk Management",Feature,"Business Risk Management",50,"Risk management completion"
Merchant Services,Q4 2024,5,"Performance Optimization",Platform,"Performance Optimization",35,"Merchant platform optimization"
Merchant Services,Q4 2024,5,"Merchant Support",Run Work,"",15,"Merchant support"
Merchant Services,Q4 2024,6,"Performance Optimization",Platform,"Performance Optimization",55,"Optimization completion"
Merchant Services,Q4 2024,6,"Security Enhancement",Platform,"Security Framework Enhancement",30,"Merchant security enhancements"
Merchant Services,Q4 2024,6,"Merchant Support",Run Work,"",15,"Merchant maintenance"
Digital Wallet Platform,Q4 2024,1,"Digital Wallet Core",Platform,"Digital Wallet Platform",65,"Digital wallet core platform"
Digital Wallet Platform,Q4 2024,1,"Mobile Integration",Feature,"Mobile Banking 2.0",20,"Wallet mobile integration"
Digital Wallet Platform,Q4 2024,1,"Wallet Operations",Run Work,"",15,"Digital wallet operations"
Digital Wallet Platform,Q4 2024,2,"Digital Wallet Core",Platform,"Digital Wallet Platform",55,"Core platform completion"
Digital Wallet Platform,Q4 2024,2,"P2P Payments",Feature,"Digital Wallet Platform",30,"Peer-to-peer payments"
Digital Wallet Platform,Q4 2024,2,"Wallet Operations",Run Work,"",15,"Wallet support"
Digital Wallet Platform,Q4 2024,3,"P2P Payments",Feature,"Digital Wallet Platform",50,"P2P payments completion"
Digital Wallet Platform,Q4 2024,3,"Merchant Integration",Platform,"Merchant Services",35,"Wallet merchant integration"
Digital Wallet Platform,Q4 2024,3,"Wallet Operations",Run Work,"",15,"Wallet maintenance"
Digital Wallet Platform,Q4 2024,4,"Merchant Integration",Platform,"Merchant Services",45,"Merchant integration completion"
Digital Wallet Platform,Q4 2024,4,"Security Features",Platform,"Security Framework Enhancement",40,"Wallet security features"
Digital Wallet Platform,Q4 2024,4,"Wallet Operations",Run Work,"",15,"Wallet support"
Digital Wallet Platform,Q4 2024,5,"Security Features",Platform,"Security Framework Enhancement",50,"Security completion"
Digital Wallet Platform,Q4 2024,5,"Analytics Integration",Feature,"Analytics Dashboard",35,"Wallet analytics"
Digital Wallet Platform,Q4 2024,5,"Wallet Operations",Run Work,"",15,"Wallet maintenance"
Digital Wallet Platform,Q4 2024,6,"Analytics Integration",Feature,"Analytics Dashboard",55,"Analytics completion"
Digital Wallet Platform,Q4 2024,6,"Performance Optimization",Platform,"Performance Optimization",30,"Wallet performance optimization"
Digital Wallet Platform,Q4 2024,6,"Wallet Operations",Run Work,"",15,"Wallet support"
Payment Gateway,Q4 2024,1,"Gateway Infrastructure",Platform,"Payment Gateway",60,"Payment gateway infrastructure"
Payment Gateway,Q4 2024,1,"API Management",Platform,"API Gateway Optimization",25,"Gateway API management"
Payment Gateway,Q4 2024,1,"Gateway Operations",Run Work,"",15,"Payment gateway operations"
Payment Gateway,Q4 2024,2,"Gateway Infrastructure",Platform,"Payment Gateway",55,"Infrastructure completion"
Payment Gateway,Q4 2024,2,"Multi-Currency Support",Feature,"Payment Gateway",30,"Multi-currency processing"
Payment Gateway,Q4 2024,2,"Gateway Operations",Run Work,"",15,"Gateway maintenance"
Payment Gateway,Q4 2024,3,"Multi-Currency Support",Feature,"Payment Gateway",50,"Multi-currency completion"
Payment Gateway,Q4 2024,3,"Risk Engine",Feature,"Business Risk Management",35,"Gateway risk engine"
Payment Gateway,Q4 2024,3,"Gateway Operations",Run Work,"",15,"Gateway support"
Payment Gateway,Q4 2024,4,"Risk Engine",Feature,"Business Risk Management",45,"Risk engine completion"
Payment Gateway,Q4 2024,4,"Routing Optimization",Platform,"Performance Optimization",40,"Payment routing optimization"
Payment Gateway,Q4 2024,4,"Gateway Operations",Run Work,"",15,"Gateway maintenance"
Payment Gateway,Q4 2024,5,"Routing Optimization",Platform,"Performance Optimization",50,"Routing completion"
Payment Gateway,Q4 2024,5,"Monitoring System",Platform,"Monitoring System Setup",35,"Gateway monitoring"
Payment Gateway,Q4 2024,5,"Gateway Operations",Run Work,"",15,"Gateway support"
Payment Gateway,Q4 2024,6,"Monitoring System",Platform,"Monitoring System Setup",55,"Monitoring completion"
Payment Gateway,Q4 2024,6,"Security Enhancement",Platform,"Security Framework Enhancement",30,"Gateway security enhancements"
Payment Gateway,Q4 2024,6,"Gateway Operations",Run Work,"",15,"Gateway maintenance"
Card Rewards Platform,Q4 2024,1,"Rewards Engine",Platform,"Credit Card Platform",60,"Card rewards engine"
Card Rewards Platform,Q4 2024,1,"Points Management",Feature,"Credit Card Platform",25,"Rewards points management"
Card Rewards Platform,Q4 2024,1,"Rewards Operations",Run Work,"",15,"Rewards platform operations"
Card Rewards Platform,Q4 2024,2,"Rewards Engine",Platform,"Credit Card Platform",55,"Engine completion"
Card Rewards Platform,Q4 2024,2,"Partner Integration",Platform,"API Gateway Optimization",30,"Rewards partner integration"
Card Rewards Platform,Q4 2024,2,"Rewards Operations",Run Work,"",15,"Rewards maintenance"
Card Rewards Platform,Q4 2024,3,"Partner Integration",Platform,"API Gateway Optimization",50,"Partner integration completion"
Card Rewards Platform,Q4 2024,3,"Customer Portal",Feature,"Customer Portal",35,"Rewards customer portal"
Card Rewards Platform,Q4 2024,3,"Rewards Operations",Run Work,"",15,"Rewards support"
Card Rewards Platform,Q4 2024,4,"Customer Portal",Feature,"Customer Portal",45,"Portal completion"
Card Rewards Platform,Q4 2024,4,"Analytics Dashboard",Feature,"Analytics Dashboard",40,"Rewards analytics"
Card Rewards Platform,Q4 2024,4,"Rewards Operations",Run Work,"",15,"Rewards maintenance"
Card Rewards Platform,Q4 2024,5,"Analytics Dashboard",Feature,"Analytics Dashboard",50,"Analytics completion"
Card Rewards Platform,Q4 2024,5,"Campaign Management",Platform,"Credit Card Platform",35,"Rewards campaign management"
Card Rewards Platform,Q4 2024,5,"Rewards Operations",Run Work,"",15,"Rewards support"
Card Rewards Platform,Q4 2024,6,"Campaign Management",Platform,"Credit Card Platform",55,"Campaign management completion"
Card Rewards Platform,Q4 2024,6,"Performance Optimization",Platform,"Performance Optimization",30,"Rewards platform optimization"
Card Rewards Platform,Q4 2024,6,"Rewards Operations",Run Work,"",15,"Rewards maintenance"